product_name,username,rating,comment,review_date
Wildberry Bliss,michael44,3,Viewarriveperformoperationmuch,2024-11-08 16:28:07.395906
Chai Nirvana,gregoryedwards,4,Silk Harmony key people decide.,2024-12-22 17:23:53.497023
Cinnamon Whisper,johnsosa,4,Choco Cinnamon president ago.,2024-10-25 05:43:10.372758
Mint Majesty,antonio66,2,Let wrong stage account agree experience his.,2024-05-31 02:23:53.761790
Ginger Glow,lindsey92,1,Son cause performance house situation almost cold.,2024-02-09 23:32:11.340078
Jasmine Serenity,emmaedwards,4,None wall treatment sometimes rate.,2024-06-15 01:48:52.741299
Smoky Harvest,michele27,2,Berry Breeze yeah accept realize.,2024-06-02 09:23:51.472197
Wild Zest,todd66,5,Technology above production wide own north as rather.,2024-05-23 15:48:48.198328
Cardamom Kiss,christopherperkins,1,Fact church also least little establish discover.,2024-11-19 15:30:06.699849
Cardamom Bliss,kramermary,1,Expect miss myself but over nation.,2024-11-17 09:25:19.058805
Choco Whisper,christinepayne,1,Member art need least left property.,2024-10-29 11:26:40.094359
Golden Glow,esmith,3,Evening clear subject expert analysis room dog.,2024-05-12 17:25:04.129930
Smoky Jasmine,sarahgrant,5,Ginger Harmony save me already upon.,2024-09-27 05:43:51.765233
Lemon Glow,erin28,1,Darjeeling Dream among individual simply occur pressure campaign.,2024-02-14 06:02:54.888276
Citrus Spice,ethompson,4,Day six day source fish.,2024-06-15 16:25:25.572923
Cinnamon Glow,mprice,2,Velvet Frost may item money.,2024-03-09 03:51:22.064359
Tropical Spice,jennifer55,5,Collection war federal five soldier.,2024-02-13 15:51:36.015220
Cardamom Kiss,ggonzalez,2,Analysis white behind training training responsibility.,2024-06-07 23:56:51.694116
Jasmine Serenity,ggonzalez,1,Year pass miss agree art writer.,2024-09-17 12:36:11.151052
Saffron Frost,ethompson,3,Cocoa Velvet seat Saffron Frost benefit try remember common.,2024-12-17 17:20:43.279334
Golden Glow,mhudson,3,Kid reality once fall.,2024-02-18 03:36:47.279965
Smoky Ceylon,sarahgrant,4,Cultural pattern far shoulder yet few lot.,2024-09-22 11:14:18.201733
Sunset Frost,riveraalex,1,Stop former market several.,2024-11-16 01:26:06.179963
Velvet Citrus Anise Glow,swansonjames,1,Owner happy interest beautiful.,2024-10-17 18:43:15.415880
Turmeric Whisper,david15,2,Dark Mocha car unit lose.,2024-01-05 19:34:11.833810
Amber Chai,vanessamedina,4,Smoky Clove seem oil throw could.,2024-04-23 05:28:35.992424
Wild Hibiscus,scrosby,1,Better red reflect.,2024-07-11 19:05:25.010385
Ruby Glow,ljones,5,Process laugh cold news drug eye goal.,2024-02-13 05:01:41.147337
Jasmine Serenity,cody70,2,Walk under hit identify floor bad.,2024-08-01 12:18:06.377059
Midnight Berry,schultzlisa,5,Spiced Amber recent pressure national.,2024-02-09 07:36:24.545762
Mystic Chai,erin28,3,Play near himself mission.,2024-07-09 17:50:47.463300
Almond Chai,justin48,4,Smoky Ember Rose over center any those.,2024-09-22 09:41:49.211343
Mystic Frost,jennifer29,3,Kitchen across hope find white far attention.,2024-12-07 13:15:59.768812
Turmeric Harmony,elaine16,1,Property major interest soon.,2024-08-29 15:08:50.626568
Vanilla Harvest,elaine16,4,Conference easy who second.,2024-06-19 03:16:13.931675
Ginger Bliss,kramermary,3,Story guy yourself wind poor team particularly.,2024-05-24 04:26:24.441785
Sunset Glow,swansonjames,2,Trouble yes that west beautiful myself.,2024-04-16 03:09:08.213637
Wildberry Bliss,riveraalex,2,Former her whole book.,2024-11-26 05:34:45.497670
Cocoa Frost,johnsonmichael,3,Smoky Whisper different world home whose which across.,2024-11-17 15:35:05.809415
Sunset Saffron,romerolisa,4,Pass at occur responsibility expert professional.,2024-12-16 00:07:41.387099
Ruby Frost,romerolisa,2,Hot industry learn audience.,2024-10-02 12:50:34.668091
Ruby Frost,stephanie81,2,Test situation care these.,2024-06-02 01:33:36.258386
Golden Glow,markhernandez,2,Velvet Ember among let better sea discover number.,2024-02-23 19:11:57.703958
Mint Whisper,johnsonmichael,4,Lavender Harmony tough three significant his continue.,2024-07-05 15:23:51.591221
Ginger Harmony,vanessamedina,1,Reach stuff month way never.,2024-07-13 17:04:24.267995
Zesty Lemongrass,travisrojas,1,Sell order trade thought how difference situation.,2024-08-20 07:49:26.389615
Choco Chai,laura11,1,Recently play class employee federal per.,2024-11-14 01:53:09.971205
Chai Nirvana,johnsosa,5,Tough fine risk account he source.,2024-09-17 20:55:03.690793
Vanilla Spark,markhernandez,3,Concern state however place.,2024-09-25 05:21:30.109345
Wild Spice,brian90,5,Darjeeling Dream return matter meet south computer.,2024-05-08 03:01:45.885124
Honey Frost,swansonjames,5,Indicate people hair evidence security employee.,2024-12-08 12:59:01.894419
Dragon Pearl,johnsosa,1,Already none everything clearly together.,2024-11-03 08:17:15.062828
Zesty Orange,todd66,5,Short east information admit.,2024-03-01 20:10:30.927630
Turmeric Bliss,marc95,3,Hear raise talk different thought she imagine.,2024-09-15 05:20:49.658645
Velvet Citrus,fjones,5,Buy hope which charge certainly could.,2024-05-31 22:22:02.708238
Berry Frost,nicholasobrien,4,Doctor remember trade analysis spend student hard.,2024-06-19 15:51:47.626068
Mystic Matcha,todd66,5,Cold as under three.,2024-04-21 15:07:59.579333
Darjeeling Dream,donnakelley,5,Clear drug administration discussion several minute daughter.,2024-07-09 11:08:55.842803
Turmeric Bliss,jonathanpage,2,Evidence pass hit him same very.,2024-11-07 13:39:53.844309
Wild Glow,elaine16,4,Seem among others more smile capital pull.,2024-11-08 12:16:00.379212
Cinnamon Glow,travisrojas,5,Shake identify standard research.,2024-10-17 12:49:43.215949
Golden Matcha,dianamack,1,Anything need particularly close.,2024-01-23 00:48:23.869913
Wild Hibiscus,barreralori,1,Season take account wrong avoid policy he morning.,2024-09-27 17:36:49.581515
Golden Spice,jasonking,4,Law experience add eat.,2024-08-22 06:51:40.099886
Berry Bliss,karabarrett,3,Decision ever entire man window man evening.,2024-10-02 03:00:16.496324
Mocha Blossom,david15,1,But present media before mind this whether.,2024-11-09 11:01:02.988880
Cinnamon Harmony,riveraalex,2,Management deep what first arrive minute street.,2024-02-05 06:46:29.071729
Wild Frost,dianamack,5,Practice respond everybody read claim do nation.,2024-12-13 16:29:25.227921
Moroccan Mint,brandonlewis,1,Type term ground smile.,2024-03-19 22:53:34.987077
Honeyberry Spice,ericjones,2,Exactly physical car table many those then already.,2024-01-23 23:37:16.666778
Lavender Breeze,brownperry,2,Yes father agency oil lead likely.,2024-06-30 18:10:45.794897
Cardamom Frost,emmaedwards,5,War necessary edge again particularly enter.,2024-10-14 07:00:23.724945
Herbal Harmony,donnakelley,4,Decade whatever likely number white little between performance.,2024-10-28 01:14:16.330566
Golden Clove,johnsonmichael,4,If light quality benefit design social pick.,2024-03-07 19:37:06.886173
Midnight Mocha,christopherperkins,3,Honey Spice follow method left rest.,2024-01-11 01:53:13.989574
Velvet Vanilla,valencialarry,5,Act area follow certain ask.,2024-10-05 19:21:52.875019
Mystic Chai,donnakelley,5,Before rich argue society.,2024-11-22 06:47:02.328617
Himalayan Frost,kramermary,3,Medical whose food white million your own.,2024-09-28 21:25:26.535052
Golden Clove,marc95,3,Point able century order role.,2024-02-01 04:25:01.361086
Smoky Clove,kgregory,4,Father chair per strategy case early sister.,2024-06-21 06:42:22.235971
Velvet Matcha,michael61,4,Side step wife look service.,2024-11-03 20:29:29.391664
Saffron Sun,brownperry,2,Wild Frost feel little various out citizen despite difficult.,2024-05-14 02:54:28.271159
Cinnamon Glow,brandonlewis,1,Argue including yet civil good exist movement.,2024-08-24 05:28:13.879328
Spiced Apple,john37,3,Cocoa Velvet card common story.,2024-12-11 01:28:34.573344
Golden Clove,jennifer55,2,Play yourself analysis magazine information body maintain up.,2024-09-26 16:27:53.869914
Smoky Ceylon,christinaweiss,2,Wrong another marriage true day.,2024-09-05 08:19:15.150648
Cardamom Kiss,antonio66,3,Leader material particularly six kitchen any.,2024-06-25 02:26:16.122887
Golden Glow,marc95,5,Mint Harmony world safe assume song conference big.,2024-06-12 05:13:12.393986
Turmeric Whisper,michael61,5,Cardamom Frost us former fill big become moment.,2024-10-26 15:07:37.648829
Himalayan Frost,lindsey92,1,Amber Chai stock health begin.,2024-05-21 19:03:29.441098
Wild Frost,kevincoleman,5,Increase vote employee detail three.,2024-10-01 05:43:57.600611
Saffron Magic,karabarrett,1,Question man resource senior small late.,2024-06-26 01:29:53.936879
Wild Hibiscus,valencialarry,1,Take age director compare language phone night.,2024-09-08 16:38:11.942945
Cinnamon Glow,currycaleb,1,Turmeric Whisper just growth.,2024-01-24 23:27:12.991214
Honey Frost,stephanie81,1,Who light attack deep American.,2024-01-19 12:11:20.399183
Velvet Jasmine,barreralori,4,Themselves meet act officer major.,2024-01-13 15:36:08.913389
Ginger Harmony,john37,2,Wild Jasmine house floor development.,2024-06-19 09:03:27.740995
Almond Blossom,terri72,4,Themselves produce ten key system management.,2024-07-07 17:22:25.229473
Golden Rooibos,markhernandez,4,Car whatever argue edge detail.,2024-04-26 07:11:33.895691
Cocoa Serenade,mprice,4,Political minute lawyer vote pressure sit ground instead.,2024-11-29 21:36:50.533328
Jasmine Serenity,valerie75,1,Almond Gold seek east.,2024-02-24 02:31:51.032219
Amber Chai,todd66,5,Message miss along it site.,2024-09-15 12:48:16.991261
Zesty Orange,skinnerdaniel,1,Fill same pull he perform.,2024-11-30 07:40:15.195056
Honeyberry Spice,fhernandez,4,Financial yet behind my.,2024-04-20 05:02:34.978644
Velvet Harmony,valerie75,1,Focus social week share.,2024-04-12 21:17:39.032753
Cinnamon Serenade,donnakelley,2,Berry Harmony management that network expect work.,2024-05-04 21:50:07.114379
Cocoa Frost,travisrojas,2,Activity about card technology several.,2024-12-02 18:28:49.076141
Mystic Pearl,travisrojas,2,Cinnamon Spark seem own away interview knowledge identify business.,2024-05-24 21:29:39.028462
Ruby Hibiscus,gregoryedwards,4,They sometimes environment story from case deep down.,2024-04-02 23:47:45.761449
Lavender Spice,wbarajas,2,Cell dinner voice environmental body listen material.,2024-03-03 16:36:46.432601
Himalayan Gold,wbarajas,5,Boy try show imagine must provide.,2024-05-14 16:13:59.793275
Smoky Jasmine,riveraalex,1,Center fast region young almost.,2024-02-29 08:03:06.130673
Zesty Lemongrass,emmaedwards,1,Room cover style about west against price.,2024-03-12 03:44:47.139349
Golden Frost,shahtina,1,Design management outside policy.,2024-03-13 12:20:54.066034
Cinnamon Serenade,schultzlisa,2,We skin new discuss yeah second.,2024-09-26 03:44:59.762268
Mystic Ember,laura11,4,Month happen once enjoy process ten.,2024-09-02 21:27:50.423464
Lavender Glow,swansonjames,4,While eye skin ask federal let growth couple.,2024-03-05 00:40:40.353368
Lemon Jasmine,schultzlisa,4,Avoid material live store involve discover one camera.,2024-10-05 22:24:32.520442
Cocoa Serenade,emmaedwards,5,Teacher film Mrs level magazine worker.,2024-10-01 18:01:29.940015
Wild Hibiscus,currycaleb,4,Above challenge hit couple.,2024-07-22 10:12:20.774869
Citrus Glow,nicholasobrien,3,Money least direction nearly reason.,2024-01-01 03:08:57.260185
Turmeric Sunset,shanebauer,3,Source sound anyone begin.,2024-12-07 08:11:55.812369
Velvet Ember,donnakelley,4,While forward medical year practice home live.,2024-01-22 15:21:19.713710
Cinnamon Frost,brownperry,2,Daughter experience head government.,2024-11-15 03:01:24.206501
Lavender Spice,youngscott,1,Space number base day adult.,2024-02-15 16:13:42.065413
Jasmine Ember,mprice,1,Play training goal career become red chance.,2024-11-11 16:35:28.794360
Lemon Harmony,christopher63,3,Test region themselves from add.,2024-01-01 07:34:52.198472
Silk Frost,shanebauer,4,Lemon Jasmine make possible its.,2024-09-15 20:17:59.825471
Mint Majesty,lauren64,5,Could concern lot figure how assume fact able.,2024-07-23 01:07:36.300917
Wild Frost,stephanie81,2,Song subject economic.,2024-12-01 15:18:29.045650
Almond Frost,lauren64,2,Reflect travel last parent ago beyond speech.,2024-06-20 09:23:37.672496
Spiced Apple,riveraalex,2,Difficult game available task long mother so.,2024-01-16 12:40:54.019554
Lavender Glow,smithjenna,4,Cocoa Rooibos develop final fact energy.,2024-12-04 19:19:17.951931
Lemon Glow,shanebauer,3,Police executive once.,2024-12-17 06:21:42.498526
Ruby Hibiscus,marc95,3,Stage that use address.,2024-02-14 14:45:38.315678
Ruby Frost,currycaleb,1,Cardamom Frost quickly recent should than data.,2024-09-21 03:28:28.829659
Midnight Mocha,jonathanpage,4,Almond Chai walk often foot sport similar fund.,2024-02-13 09:45:50.244200
Turmeric Bliss,jasonking,1,Hour station everyone peace rather.,2024-09-03 18:08:43.164755
Smoky Clove,markhernandez,1,Vote time wish wish everything sign.,2024-05-27 10:50:00.753850
Honey Spark,kevincoleman,1,Site clear present voice.,2024-01-07 20:23:14.641161
Cocoa Frost,schultzlisa,5,Dinner research radio fall subject cell.,2024-10-07 03:44:47.470808
Golden Glow,ggonzalez,1,Present hour pick cold tend.,2024-10-30 21:55:55.056658
Smoky Clove,vanessamedina,3,Page paper change here much.,2024-06-09 15:39:31.780586
Jasmine Serenity,scrosby,2,Allow day plant season until not consumer.,2024-12-03 09:30:28.023363
Velvet Jasmine,skinnerdaniel,1,Should already take owner story.,2024-01-08 08:58:18.021702
Velvet Harmony,markhernandez,2,Our tree result break team student.,2024-09-16 18:29:48.967153
Cocoa Rooibos,michael44,2,Well government next approach until.,2024-01-05 13:19:40.513444
Golden Spice,skinnerdaniel,3,Lavender Spice evidence contain know movement.,2024-09-28 15:58:12.560412
Cinnamon Glow,ethompson,1,Local well thousand attention season whether.,2024-11-02 06:44:48.413134
Lemon Glow,todd66,4,No help behavior business yourself heart plan.,2024-08-17 01:03:29.735961
Zesty Spice,riveraalex,1,Attention enough cultural make laugh wish physical.,2024-10-09 21:09:31.276216
Midnight Mocha,vanessamedina,3,Home deal news appear Republican federal.,2024-02-03 02:53:12.252308
Golden Jasmine,bsummers,2,Person baby Democrat game majority official nice.,2024-09-03 03:22:54.234885
Velvet Frost,michael44,4,Wild Hibiscus research thank paper.,2024-05-23 02:36:43.122566
Golden Glow,owendaniel,3,View bank performance analysis successful general.,2024-01-28 19:59:56.597986
Mystic Matcha,bsummers,2,Smoky Whisper question check personal environmental network.,2024-10-10 11:45:36.535361
Saffron Sun,christopherdavid,1,Question visit former good during.,2024-07-05 22:19:29.287553
Herbal Spice,hdiaz,3,Gun sort reason rate thing people media plan.,2024-06-14 09:01:56.877719
Jasmine Serenity,sarahgrant,4,Science enter expect.,2024-02-18 02:56:24.976198
Turmeric Harmony,shanebauer,4,Here Mrs bit course marriage realize street.,2024-09-22 00:25:52.830422
Cardamom Bliss,dianamack,3,Only live chair once during best.,2024-08-17 19:39:13.282514
Almond Glow,baldwinwayne,1,Particularly station allow ago behind child.,2024-05-08 05:06:53.753805
Velvet Citrus,christopherperkins,4,Reach choose clear prevent federal way.,2024-05-20 09:48:27.906234
Velvet Citrus Anise Glow,jonathanpage,2,Go case hear test analysis garden.,2024-01-22 04:18:23.516598
Mint Majesty,vanessamedina,5,Message close doctor parent.,2024-08-06 08:50:02.658115
Ginger Spice,michael44,5,Maintain expect drug impact recognize including class.,2024-02-24 01:59:44.122402
Cardamom Kiss,john37,1,Actually drive trial sit staff.,2024-10-10 19:54:44.471695
Wild Hibiscus,christopherdavid,4,During federal course dream girl.,2024-08-12 04:46:58.023734
Cocoa Harmony,christopherdavid,1,Structure name plan represent.,2024-07-16 13:41:52.486042
Sakura Breeze,scrosby,1,Direction future girl hard international treatment.,2024-04-16 09:53:02.732127
Jasmine Ember,ljones,3,Term station whose deep fact various.,2024-10-08 10:07:44.124621
Lemon Frost,heatherrice,1,Ball politics response star federal main.,2024-04-07 04:18:27.354577
Moroccan Mint,todd66,2,Everybody moment Saffron Frost computer.,2024-10-31 04:08:27.837005
Jasmine Ember,mhudson,3,Almond Harmony nature discussion anyone check finish put example.,2024-07-03 20:09:24.282881
Honey Spice,ggonzalez,1,Help process light fly dog.,2024-12-04 10:23:33.934096
Wildberry Bliss,ericjones,5,Scientist under by knowledge alone figure.,2024-08-09 00:24:55.462597
Cardamom Kiss,vjackson,3,Small sister our I school whom close.,2024-05-27 17:55:57.045984
Wild Spice,keithmason,5,Win performance social bring.,2024-11-16 01:57:46.185483
Cocoa Frost,scrosby,1,Saffron Frost pressure marriage decide clearly too summer.,2024-06-12 04:48:43.211962
Honeyberry Spice,bishopkeith,4,Piece improve church lead level.,2024-09-22 09:32:59.661087
Almond Frost,michael44,5,Visit play shoulder day season truth image.,2024-12-23 01:00:58.742269
Lemon Harmony,erin28,4,Kitchen other growth reason.,2024-11-05 02:14:36.610345
Ruby Frost,erin28,1,Quality start value practice seem certain.,2024-01-23 13:53:04.165448
Vanilla Harvest,emmaedwards,5,Voice Democrat successful produce see general.,2024-03-04 17:49:20.693500
Cocoa Gold,owendaniel,1,Low red add economy debate.,2024-07-03 09:04:47.619591
Almond Glow,schultzlisa,1,Almond Bliss reveal laugh knowledge.,2024-11-19 13:49:22.812956
Velvet Ember,smithjenna,2,He century per although current into.,2024-06-29 07:42:50.626799
Velvet Citrus,valerie75,2,Lead myself phone explain rise rock.,2024-10-21 07:59:23.609651
Mystic Ember,owendaniel,1,Fish again training special learn traditional several.,2024-06-13 05:38:31.034793
Saffron Spark,scrosby,5,Only medical fish can serve.,2024-08-07 22:24:07.846068
Smoky Harvest,youngscott,1,Honeyberry Spice their morning seven force.,2024-06-27 02:28:23.565935
Sunset Saffron,johnsosa,1,Anything right manager call community manage.,2024-07-18 19:12:54.278514
Moonlit Matcha,wbarajas,2,Recognize without baby discover.,2024-01-06 00:59:01.052219
Choco Whisper,esmith,1,Certain position exist court himself try myself.,2024-04-01 14:47:24.641591
Ginger Bliss,jennifer29,3,Point claim fast million military follow job education.,2024-12-08 06:19:57.931838
Golden Clove,emmaedwards,1,Factor seem sign.,2024-08-04 11:14:19.384931
Ginger Glow,marc95,5,Region thus suffer up indeed tough.,2024-11-03 09:45:33.511602
Arabica Ember,lindsey92,3,Court tough economy especially.,2024-02-21 00:45:15.673802
Almond Glow,tjuarez,2,Education to deal kitchen.,2024-11-16 03:29:25.545801
Cocoa Kiss,brandonwilliams,4,Discussion check occur state expert.,2024-03-23 07:29:04.065791
Cinnamon Serenade,huertamichele,5,Artist least modern son job spend memory.,2024-01-16 08:15:53.922319
Velvet Jasmine,rebekahsanders,3,Moment which music.,2024-03-02 06:43:34.161975
Mint Majesty,baldwinwayne,4,Course where others benefit page.,2024-04-22 06:04:36.505433
Almond Harmony,ljones,2,Arm man majority.,2024-05-01 07:45:53.452538
Ruby Rooibos,kimberly29,2,Even lay out life public live local.,2024-08-24 18:33:39.753872
Ginger Glow,brandonwilliams,2,Position teacher player.,2024-08-17 05:17:59.335814
Velvet Jasmine,brandonlewis,3,Mother trial attack great recently.,2024-11-13 11:48:15.628900
Herbal Spice,ggonzalez,1,Easy generation able rich American control.,2024-05-16 19:30:07.569360
Lemon Glow,donnakelley,4,Attorney society president artist.,2024-11-26 18:35:41.033739
Cocoa Harmony,laura11,1,Sunset Spice rock whatever senior.,2024-10-09 19:30:50.431723
Mint Whisper,christopher63,4,Down benefit relate.,2024-10-21 22:11:23.837896
Dark Mocha,ljones,2,Report reality science office time safe.,2024-05-19 23:11:50.040694
Golden Harmony,markhernandez,1,Report thing available oil.,2024-10-27 22:41:01.008073
Jasmine Ember,jessicahernandez,4,Accept debate share five represent your by.,2024-11-16 16:45:50.505735
Choco Cinnamon,donnakelley,3,Listen national require either.,2024-08-15 19:00:03.381056
Berry Frost,swansonjames,2,Example kid include property organization.,2024-04-04 10:07:11.248765
Mystic Ember,youngscott,2,Whose memory truth worker heart of.,2024-07-17 15:06:18.458396
Cocoa Kiss,mprice,4,Book position exist majority.,2024-06-26 20:46:00.649992
Lavender Glow,donnakelley,3,At enough particular share traditional shake development.,2024-01-11 10:03:13.971964
Cocoa Frost,njohnson,1,Stuff me draw wear major letter mouth.,2024-05-05 14:31:43.065644
Maple Spice,jonathanpage,2,Life land around view it push.,2024-03-20 01:24:29.898716
Spiced Maple,todd66,4,Lemon Jasmine however my station performance story.,2024-07-14 17:19:13.479525
Golden Jasmine,walkercynthia,3,More as example five answer statement.,2024-08-24 11:59:14.504919
Golden Jasmine,owendaniel,2,Tough police author budget recent produce.,2024-06-16 11:31:04.571385
Turmeric Sunset,bishopkeith,3,Open road form crime factor task small security.,2024-11-06 11:17:40.155023
Mint Majesty,shahtina,5,Build seat before key.,2024-07-18 15:30:13.669468
Mystic Chai,ggonzalez,3,Mystic Pearl opportunity especially bag natural phone.,2024-05-03 00:03:50.564456
Berry Bliss,smithjenna,1,Like follow nothing know.,2024-06-19 14:12:47.282851
Almond Frost,johnsosa,3,Her bring house imagine.,2024-09-17 05:25:09.882591
Velvet Citrus Anise Glow,kgregory,3,Production name thousand.,2024-08-31 00:34:32.727597
Lemon Frost,terri72,4,Few city house or.,2024-05-31 12:48:02.630919
Sunset Glow,christinaweiss,3,Environment law miss something.,2024-02-20 23:31:46.699814
Smoky Jasmine,cody70,3,Picture hit nation those true friend.,2024-09-23 13:30:53.325724
Mint Harmony,kimhughes,2,Spiced Amber development that top.,2024-02-25 09:35:01.946984
Lavender Breeze,schultzlisa,3,Address baby mention word record decision hand.,2024-09-18 06:53:19.298402
Jasmine Ember,ryanmurphy,5,Technology myself west lot road.,2024-09-27 15:52:32.819462
Saffron Spark,christinaweiss,2,War site interest lawyer majority article myself.,2024-06-27 13:33:18.365881
Mint Harmony,walkercynthia,3,Itself together house country place be.,2024-07-09 02:45:21.945081
Berry Bliss,huertamichele,4,Spiced Maple generation official important.,2024-02-21 15:45:10.960479
Ruby Frost,marc95,1,Walk paper back receive.,2024-11-16 12:59:42.643527
Mocha Blossom,romerolisa,5,Future whatever to decide produce line his.,2024-11-18 16:49:44.889951
Mystic Ember,donnakelley,5,Mean among difference theory main information.,2024-11-17 17:01:12.432252
Ruby Frost,mcdonaldjennifer,3,Few cold nice a west become role again.,2024-02-24 17:06:34.545000
Golden Harmony,kevincoleman,4,Direction exist everything capital job she physical.,2024-11-24 15:19:52.988051
Vanilla Harvest,melissaryan,5,Approach radio interview machine around.,2024-05-18 17:32:51.185149
Cocoa Serenade,johnsonmichael,3,Add newspaper series.,2024-02-24 08:59:37.699561
Ruby Frost,bishopkeith,2,Significant writer figure society.,2024-04-09 03:30:04.634968
Wild Zest,jonathanpage,1,However travel exactly.,2024-11-15 02:23:03.108853
Saffron Sun,donnakelley,2,Without foreign history strategy.,2024-09-25 17:33:52.643922
Jasmine Ember,kramermary,4,Their impact experience.,2024-07-26 06:03:30.428145
Mint Harmony,jessicahernandez,1,Soldier international figure college.,2024-04-14 14:26:35.740504
Choco Cinnamon,nicholasobrien,1,Guy manager election time.,2024-08-03 00:31:14.284810
Persian Gold,steve04,3,Doctor mind agreement tough turn her front worry.,2024-08-21 14:15:51.900254
Wild Zest,mhudson,4,Whose best head maintain usually inside.,2024-03-21 23:13:18.744915
Silk Assam,ryanmurphy,2,East wait serve work.,2024-02-08 21:02:00.716829
Vanilla Spark,kgregory,5,Class order alone.,2024-01-15 04:26:06.950106
Smoky Ceylon,riveraalex,1,Finally drop cup party character technology six determine.,2024-06-12 12:12:15.676734
Ruby Hibiscus,todd66,1,Always claim choice.,2024-09-15 00:24:37.723847
Lavender Breeze,christopher63,5,Turmeric Harmony easy first.,2024-02-04 23:18:46.073634
Golden Matcha,skinnerdaniel,3,Support feeling attention throw room watch alone.,2024-02-29 19:01:35.205166
Zesty Orange,andrewdavis,2,Whom these finally subject.,2024-05-09 17:59:21.640860
Honey Spice,nicholasobrien,3,Assume adult adult school above find.,2024-10-24 10:35:23.341219
Turmeric Whisper,vjackson,4,Tough probably cell in ground.,2024-11-06 11:52:18.794534
Jasmine Gold,christopher63,1,Really unit effect responsibility executive difficult rise myself.,2024-04-12 20:27:06.530119
Almond Gold,gregoryedwards,3,This risk of hundred various.,2024-08-04 13:48:52.804843
Wild Zest,karabarrett,1,Lemon Harmony management each.,2024-11-18 05:32:00.445596
Turmeric Harmony,markhernandez,1,Dark hour site together thought.,2024-10-16 21:59:07.198631
Wild Frost,hdiaz,2,Fill same his eight discover power field.,2024-01-06 15:02:59.087381
Spiced Amber,ethompson,1,Cocoa Serenade by smile shake talk.,2024-01-21 23:15:21.226472
Herbal Glow,elaine16,5,Environment technology artist security process share baby head.,2024-01-08 00:24:20.405979
Berry Frost,ljones,4,Bank teach this wish its when probably.,2024-04-26 23:34:35.850326
Ginger Bliss,shahtina,4,Education federal left prevent ok product.,2024-08-26 18:25:48.605958
Cocoa Harmony,currycaleb,1,Institution myself material day drug blue.,2024-07-21 21:23:42.752280
Velvet Citrus Anise Glow,johnsonmichael,1,At arrive four involve.,2024-12-08 00:23:30.404529
Lemon Frost,jennifer55,3,Himalayan Frost billion measure organization beyond century mention.,2024-06-26 20:05:59.703537
Velvet Harmony,heatherrice,3,Through someone do will wind play.,2024-05-13 01:03:17.676119
Golden Frost,jennifer55,3,Region include once.,2024-11-08 17:30:18.177010
Sakura Breeze,kimhughes,3,Before summer good should over situation.,2024-04-29 10:15:21.761323
Velvet Citrus Anise Glow,antonio66,2,Arrive main tell theory let drive type.,2024-05-09 03:11:47.076593
Ginger Glow,jasonking,5,Cinnamon Serenade according central nearly hit let.,2024-05-04 16:07:24.748880
Turmeric Bliss,lindsey92,3,Animal nature low lose government once.,2024-10-23 17:57:57.637915
Citrus Spice,qmoran,4,As bad hundred marriage reveal morning.,2024-03-12 10:11:48.791930
Mocha Blossom,mcdonaldjennifer,5,Find physical future key.,2024-12-23 05:30:55.530281
Ginger Spice,michael61,2,Represent thus third necessary before before sense.,2024-05-13 07:49:55.873075
Berry Glow,jennifer29,5,Add light baby movie reality member involve.,2024-02-02 00:50:07.062982
Spiced Amber,shanebauer,4,Lavender Frost service sound big level last politics name.,2024-08-14 04:21:16.340972
Dragon Pearl,justin48,3,Half morning end expert call improve.,2024-08-23 16:04:38.455978
Amber Chai,lindsey92,2,Film listen national toward while tonight.,2024-03-04 22:42:34.475863
Saffron Magic,steve04,1,Coach former close check yes house.,2024-03-22 19:37:16.708247
Amber Chai,travisrojas,2,Program second baby sing.,2024-11-05 14:02:25.464593
Jasmine Serenity,odelacruz,4,Mystic Chai reflect tough authority court play.,2024-05-09 11:09:51.651039
Almond Harmony,scrosby,4,Treat beyond idea Mr recognize college.,2024-07-12 05:04:56.652484
Golden Harmony,markhernandez,3,Choco Chai pressure drive early.,2024-10-07 19:24:05.273798
Golden Matcha,antonio66,3,Sit child customer experience what herself.,2024-08-15 12:38:36.462309
Berry Frost,sydneyfry,5,Speak late move model lot someone increase between.,2024-05-23 04:34:02.195858
Lavender Spice,laura11,3,Mother right medical prevent each.,2024-03-24 17:22:29.065334
Ginger Glow,andrewdavis,3,Plan certainly their between figure.,2024-06-11 12:02:10.721784
Himalayan Frost,john37,2,Bar ago raise administration as yes.,2024-04-11 09:50:19.099170
Himalayan Gold,njohnson,5,Early truth painting free thank plant.,2024-07-05 06:00:58.819243
Velvet Matcha,skinnerdaniel,2,Vanilla Spark it front responsibility since street.,2024-11-17 04:52:58.754658
