username,created_at,product_name
gregoryedwards,2024-08-30 00:44:05.191687,Turmeric Frost
gregoryedwards,2024-08-30 00:44:05.191687,Turmeric Frost
gregoryedwards,2024-08-30 00:44:05.191687,Almond Bliss
gregoryedwards,2024-08-30 00:44:05.191687,Ginger Glow
gregoryedwards,2024-08-30 00:44:05.191687,Mint Whisper
gregoryedwards,2024-08-30 00:44:05.191687,Mystic Matcha
vanessamedina,2024-10-07 03:34:15.907500,Honey Spark
vanessamedina,2024-10-07 03:34:15.907500,Honey Jasmine
vanessamedina,2024-10-07 03:34:15.907500,Lavender Glow
vanessamedina,2024-10-07 03:34:15.907500,Saffron Frost
vanessamedina,2024-10-07 03:34:15.907500,Smoky Ceylon
vanessamedina,2024-10-07 03:34:15.907500,Zesty Orange
erin28,2024-02-09 08:31:12.888256,Midnight Berry
baldwinwayne,2024-11-11 01:01:32.866814,Mystic Chai
christinaweiss,2024-07-12 18:59:07.495365,Honey Gold
christinaweiss,2024-07-12 18:59:07.495365,Mystic Matcha
christinaweiss,2024-07-12 18:59:07.495365,Golden Clove
christinaweiss,2024-07-12 18:59:07.495365,Almond Bliss
christinaweiss,2024-07-12 18:59:07.495365,Citrus Harmony
esmith,2024-05-08 10:24:26.524354,Honey Spark
esmith,2024-05-08 10:24:26.524354,Golden Harmony
antonio66,2024-06-11 22:50:56.704977,Golden Glow
antonio66,2024-06-11 22:50:56.704977,Golden Rooibos
kenneth72,2024-03-28 20:46:15.535109,Smoky Spark
kenneth72,2024-03-28 20:46:15.535109,Lavender Bliss
kenneth72,2024-03-28 20:46:15.535109,Ginger Harmony
kenneth72,2024-03-28 20:46:15.535109,Dark Mocha
marc16,2024-03-31 23:31:02.438913,Arabica Ember
marc16,2024-03-31 23:31:02.438913,Midnight Mocha
marc16,2024-03-31 23:31:02.438913,Velvet Jasmine
marc16,2024-03-31 23:31:02.438913,Smoky Harvest
marc16,2024-03-31 23:31:02.438913,Cocoa Serenade
marc16,2024-03-31 23:31:02.438913,Berry Harmony
marc16,2024-03-31 23:31:02.438913,Ginger Glow
bsummers,2024-01-15 04:17:10.112979,Velvet Jasmine
bsummers,2024-01-15 04:17:10.112979,Ruby Spark
bsummers,2024-01-15 04:17:10.112979,Herbal Ember
bsummers,2024-01-15 04:17:10.112979,Smoky Ceylon
bsummers,2024-01-15 04:17:10.112979,Ginger Spice
bsummers,2024-01-15 04:17:10.112979,Wild Glow
bsummers,2024-01-15 04:17:10.112979,Smoky Ember
bsummers,2024-01-15 04:17:10.112979,Midnight Mocha
bsummers,2024-01-15 04:17:10.112979,Ruby Hibiscus
bsummers,2024-01-15 04:17:10.112979,Smoky Ceylon
baldwinwayne,2024-06-08 03:26:53.521715,Saffron Frost
baldwinwayne,2024-06-08 03:26:53.521715,Ruby Spark
baldwinwayne,2024-06-08 03:26:53.521715,Turmeric Frost
baldwinwayne,2024-06-08 03:26:53.521715,Golden Glow
baldwinwayne,2024-06-08 03:26:53.521715,Spiced Velvet
mcdonaldjennifer,2024-02-14 15:27:25.747663,Golden Glow
mcdonaldjennifer,2024-02-14 15:27:25.747663,Cocoa Frost
mcdonaldjennifer,2024-02-14 15:27:25.747663,Saffron Magic
mcdonaldjennifer,2024-02-14 15:27:25.747663,Cinnamon Whisper
mcdonaldjennifer,2024-02-14 15:27:25.747663,Honey Zest
mcdonaldjennifer,2024-02-14 15:27:25.747663,Ginger Bliss
mcdonaldjennifer,2024-02-14 15:27:25.747663,Zesty Lemongrass
mcdonaldjennifer,2024-02-14 15:27:25.747663,Choco Cinnamon
mcdonaldjennifer,2024-02-14 15:27:25.747663,Mystic Ember
ericjones,2024-02-16 11:13:11.210425,Lemon Frost
baldwinwayne,2024-10-23 02:42:13.540856,Turmeric Bliss
baldwinwayne,2024-10-23 02:42:13.540856,Lavender Spice
baldwinwayne,2024-10-23 02:42:13.540856,Velvet Spice
baldwinwayne,2024-10-23 02:42:13.540856,Velvet Citrus
baldwinwayne,2024-10-23 02:42:13.540856,Cocoa Gold
jasonking,2024-11-24 02:24:08.527693,Midnight Mocha
jasonking,2024-11-24 02:24:08.527693,Berry Bliss
jasonking,2024-11-24 02:24:08.527693,Dragon Pearl
jasonking,2024-11-24 02:24:08.527693,Wild Frost
jasonking,2024-11-24 02:24:08.527693,Spiced Apple
jasonking,2024-11-24 02:24:08.527693,Sunset Saffron
jasonking,2024-11-24 02:24:08.527693,Dark Mocha
jasonking,2024-11-24 02:24:08.527693,Cardamom Glow
jasonking,2024-11-24 02:24:08.527693,Golden Glow
valencialarry,2024-01-05 21:40:09.830317,Mint Majesty
tjuarez,2024-12-18 00:38:00.547702,Amber Chai
tjuarez,2024-12-18 00:38:00.547702,Mystic Ember
tjuarez,2024-12-18 00:38:00.547702,Honey Gold
tjuarez,2024-12-18 00:38:00.547702,Dark Mocha
tjuarez,2024-12-18 00:38:00.547702,Golden Glow
tjuarez,2024-12-18 00:38:00.547702,Smoky Ceylon
tjuarez,2024-12-18 00:38:00.547702,Cocoa Harmony
tjuarez,2024-12-18 00:38:00.547702,Spiced Velvet
tjuarez,2024-12-18 00:38:00.547702,Velvet Citrus Anise Glow
skinnerdaniel,2024-03-16 02:16:29.862473,Honey Spice
skinnerdaniel,2024-03-16 02:16:29.862473,Golden Glow
skinnerdaniel,2024-03-16 02:16:29.862473,Lavender Harmony
skinnerdaniel,2024-03-16 02:16:29.862473,Midnight Mocha
skinnerdaniel,2024-03-16 02:16:29.862473,Jasmine Ember
skinnerdaniel,2024-03-16 02:16:29.862473,Velvet Ember
skinnerdaniel,2024-03-16 02:16:29.862473,Velvet Spice
skinnerdaniel,2024-03-16 02:16:29.862473,Smoky Clove
skinnerdaniel,2024-03-16 02:16:29.862473,Vanilla Harvest
erin28,2024-05-26 18:50:53.003132,Jasmine Ember
erin28,2024-05-26 18:50:53.003132,Cinnamon Serenade
erin28,2024-05-26 18:50:53.003132,Smoky Spark
erin28,2024-05-26 18:50:53.003132,Lemon Jasmine
lindsey92,2024-11-02 20:38:02.191865,Ginger Glow
lindsey92,2024-11-02 20:38:02.191865,Ruby Hibiscus
lindsey92,2024-11-02 20:38:02.191865,Velvet Harmony
lindsey92,2024-11-02 20:38:02.191865,Golden Jasmine
lindsey92,2024-11-02 20:38:02.191865,Ginger Bliss
lindsey92,2024-11-02 20:38:02.191865,Ruby Frost
lindsey92,2024-11-02 20:38:02.191865,Dark Mocha
lindsey92,2024-11-02 20:38:02.191865,Herbal Glow
schultzlisa,2024-07-25 01:49:23.065222,Wild Glow
esmith,2024-01-18 20:48:01.490137,Mocha Blossom
esmith,2024-01-18 20:48:01.490137,Ruby Spark
esmith,2024-01-18 20:48:01.490137,Velvet Spice
esmith,2024-01-18 20:48:01.490137,Sunset Rose
esmith,2024-01-18 20:48:01.490137,Turmeric Frost
esmith,2024-01-18 20:48:01.490137,Silk Harmony
esmith,2024-01-18 20:48:01.490137,Velvet Citrus Anise Glow
huertamichele,2024-08-31 14:31:37.524272,Mint Whisper
huertamichele,2024-08-31 14:31:37.524272,Cinnamon Glow
huertamichele,2024-08-31 14:31:37.524272,Ginger Bliss
huertamichele,2024-08-31 14:31:37.524272,Darjeeling Dream
huertamichele,2024-08-31 14:31:37.524272,Darjeeling Dream
huertamichele,2024-08-31 14:31:37.524272,Himalayan Frost
huertamichele,2024-08-31 14:31:37.524272,Almond Whisper
huertamichele,2024-08-31 14:31:37.524272,Lavender Bliss
huertamichele,2024-08-31 14:31:37.524272,Cinnamon Spice
huertamichele,2024-08-31 14:31:37.524272,Golden Harmony
steve04,2024-11-08 12:03:40.975821,Wild Zest
michael61,2024-01-28 22:50:20.799227,Sunset Spice
michael61,2024-01-28 22:50:20.799227,Turmeric Whisper
michael61,2024-01-28 22:50:20.799227,Almond Harmony
michael61,2024-01-28 22:50:20.799227,Mystic Frost
michael61,2024-01-28 22:50:20.799227,Lavender Breeze
michael61,2024-01-28 22:50:20.799227,Smoky Spark
michael61,2024-01-28 22:50:20.799227,Turmeric Harmony
keithmason,2024-03-14 22:39:56.963135,Choco Chai
currycaleb,2024-06-02 11:28:35.934129,Velvet Citrus Anise Glow
currycaleb,2024-06-02 11:28:35.934129,Mint Frost
currycaleb,2024-06-02 11:28:35.934129,Spiced Velvet
swansonjames,2024-10-03 03:10:05.687412,Mint Harmony
swansonjames,2024-10-03 03:10:05.687412,Golden Frost
swansonjames,2024-10-03 03:10:05.687412,Choco Whisper
david15,2024-10-01 19:27:51.450793,Golden Glow
david15,2024-10-01 19:27:51.450793,Moonlit Matcha
david15,2024-10-01 19:27:51.450793,Golden Clove
david15,2024-10-01 19:27:51.450793,Ruby Rooibos
david15,2024-10-01 19:27:51.450793,Cocoa Gold
david15,2024-10-01 19:27:51.450793,Smoky Whisper
david15,2024-10-01 19:27:51.450793,Almond Whisper
vjackson,2024-06-18 23:45:50.866543,Mint Majesty
vjackson,2024-06-18 23:45:50.866543,Amber Chai
vjackson,2024-06-18 23:45:50.866543,Lemon Jasmine
vjackson,2024-06-18 23:45:50.866543,Spiced Velvet
vjackson,2024-06-18 23:45:50.866543,Sunset Spice
vjackson,2024-06-18 23:45:50.866543,Velvet Citrus Anise Glow
vjackson,2024-06-18 23:45:50.866543,Ruby Frost
vjackson,2024-06-18 23:45:50.866543,Cinnamon Serenade
vjackson,2024-06-18 23:45:50.866543,Maple Spice
vjackson,2024-06-18 23:45:50.866543,Cinnamon Serenade
melissaryan,2024-12-03 06:44:07.788085,Cocoa Kiss
melissaryan,2024-12-03 06:44:07.788085,Silk Frost
cody70,2024-03-16 19:12:33.179173,Wild Spice
cody70,2024-03-16 19:12:33.179173,Cinnamon Spice
cody70,2024-03-16 19:12:33.179173,Ruby Frost
cody70,2024-03-16 19:12:33.179173,Ruby Spark
cody70,2024-03-16 19:12:33.179173,Honey Citrus
cody70,2024-03-16 19:12:33.179173,Spiced Maple
cody70,2024-03-16 19:12:33.179173,Ginger Glow
cody70,2024-03-16 19:12:33.179173,Wild Zest
cody70,2024-03-16 19:12:33.179173,Dragon Pearl
jessicahernandez,2024-04-16 10:09:12.802927,Honey Zest
elaine16,2024-12-03 15:06:39.441686,Wild Zest
elaine16,2024-12-03 15:06:39.441686,Silk Rose
david15,2024-02-26 17:29:16.772653,Almond Frost
david15,2024-02-26 17:29:16.772653,Spiced Velvet
david15,2024-02-26 17:29:16.772653,Almond Blossom
david15,2024-02-26 17:29:16.772653,Cocoa Frost
david15,2024-02-26 17:29:16.772653,Vanilla Harvest
david15,2024-02-26 17:29:16.772653,Golden Frost
david15,2024-02-26 17:29:16.772653,Almond Whisper
david15,2024-02-26 17:29:16.772653,Ruby Glow
david15,2024-02-26 17:29:16.772653,Cocoa Serenade
david15,2024-02-26 17:29:16.772653,Herbal Glow
valerie75,2024-05-12 00:30:45.684390,Lemon Jasmine
valerie75,2024-05-12 00:30:45.684390,Spiced Velvet
valerie75,2024-05-12 00:30:45.684390,Wild Jasmine
valerie75,2024-05-12 00:30:45.684390,Silk Harmony
valerie75,2024-05-12 00:30:45.684390,Lemon Glow
valerie75,2024-05-12 00:30:45.684390,Midnight Mocha
valerie75,2024-05-12 00:30:45.684390,Ginger Harmony
fjones,2024-01-24 00:37:33.397187,Cardamom Bliss
bcurtis,2024-06-26 06:41:52.444923,Silk Assam
bcurtis,2024-06-26 06:41:52.444923,Dark Mocha
bcurtis,2024-06-26 06:41:52.444923,Almond Gold
bcurtis,2024-06-26 06:41:52.444923,Golden Jasmine
bcurtis,2024-06-26 06:41:52.444923,Moonlit Matcha
bcurtis,2024-06-26 06:41:52.444923,Cocoa Serenade
bcurtis,2024-06-26 06:41:52.444923,Moonlit Matcha
cody70,2024-08-03 09:54:22.661183,Midnight Mocha
cody70,2024-08-03 09:54:22.661183,Zesty Orange
cody70,2024-08-03 09:54:22.661183,Golden Glow
cody70,2024-08-03 09:54:22.661183,Spiced Velvet
cody70,2024-08-03 09:54:22.661183,Lavender Breeze
cody70,2024-08-03 09:54:22.661183,Golden Jasmine
cody70,2024-08-03 09:54:22.661183,Cinnamon Frost
cody70,2024-08-03 09:54:22.661183,Midnight Mocha
shanebauer,2024-09-27 20:42:09.794380,Wild Glow
shanebauer,2024-09-27 20:42:09.794380,Ginger Spice
shanebauer,2024-09-27 20:42:09.794380,Almond Glow
shanebauer,2024-09-27 20:42:09.794380,Wild Jasmine
shanebauer,2024-09-27 20:42:09.794380,Cinnamon Harmony
shanebauer,2024-09-27 20:42:09.794380,Wild Hibiscus
shanebauer,2024-09-27 20:42:09.794380,Himalayan Gold
shanebauer,2024-09-27 20:42:09.794380,Golden Glow
shanebauer,2024-09-27 20:42:09.794380,Honey Spice
elaine16,2024-05-19 12:46:16.838315,Ruby Frost
elaine16,2024-05-19 12:46:16.838315,Ginger Bliss
elaine16,2024-05-19 12:46:16.838315,Golden Clove
marc95,2024-01-13 02:43:48.512287,Ginger Harmony
marc95,2024-01-13 02:43:48.512287,Midnight Mocha
marc95,2024-01-13 02:43:48.512287,Smoky Jasmine
marc95,2024-01-13 02:43:48.512287,Honey Jasmine
garrett22,2024-11-14 18:56:13.256014,Midnight Mocha
garrett22,2024-11-14 18:56:13.256014,Saffron Spark
garrett22,2024-11-14 18:56:13.256014,Mystic Frost
garrett22,2024-11-14 18:56:13.256014,Turmeric Harmony
fjones,2024-03-28 06:03:16.834836,Berry Glow
fjones,2024-03-28 06:03:16.834836,Cardamom Glow
fjones,2024-03-28 06:03:16.834836,Mint Harmony
owendaniel,2024-07-27 01:33:54.397374,Velvet Ember
owendaniel,2024-07-27 01:33:54.397374,Berry Frost
owendaniel,2024-07-27 01:33:54.397374,Herbal Glow
owendaniel,2024-07-27 01:33:54.397374,Lavender Spice
owendaniel,2024-07-27 01:33:54.397374,Turmeric Whisper
owendaniel,2024-07-27 01:33:54.397374,Ruby Glow
rebekahsanders,2024-05-17 12:42:45.989110,Wildberry Bliss
rebekahsanders,2024-05-17 12:42:45.989110,Wild Frost
rebekahsanders,2024-05-17 12:42:45.989110,Cinnamon Serenade
rebekahsanders,2024-05-17 12:42:45.989110,Silk Rose
rebekahsanders,2024-05-17 12:42:45.989110,Jasmine Spice
rebekahsanders,2024-05-17 12:42:45.989110,Golden Glow
rebekahsanders,2024-05-17 12:42:45.989110,Ginger Glow
rebekahsanders,2024-05-17 12:42:45.989110,Golden Jasmine
bcurtis,2024-07-21 07:57:55.823647,Sunset Spice
bcurtis,2024-07-21 07:57:55.823647,Cinnamon Pearl
bcurtis,2024-07-21 07:57:55.823647,Jasmine Gold
bcurtis,2024-07-21 07:57:55.823647,Zesty Spice
bcurtis,2024-07-21 07:57:55.823647,Silk Rose
bcurtis,2024-07-21 07:57:55.823647,Jasmine Serenity
laura11,2024-12-03 22:15:58.713304,Persian Gold
laura11,2024-12-03 22:15:58.713304,Cocoa Frost
laura11,2024-12-03 22:15:58.713304,Lemon Harmony
laura11,2024-12-03 22:15:58.713304,Wild Frost
laura11,2024-12-03 22:15:58.713304,Silk Rose
laura11,2024-12-03 22:15:58.713304,Mystic Chai
ggonzalez,2024-03-27 10:32:29.424654,Almond Glow
ggonzalez,2024-03-27 10:32:29.424654,Saffron Sun
ggonzalez,2024-03-27 10:32:29.424654,Berry Harmony
ggonzalez,2024-03-27 10:32:29.424654,Almond Glow
ggonzalez,2024-03-27 10:32:29.424654,Cocoa Serenade
ggonzalez,2024-03-27 10:32:29.424654,Honey Jasmine
ggonzalez,2024-03-27 10:32:29.424654,Jasmine Serenity
ggonzalez,2024-03-27 10:32:29.424654,Moroccan Mint
ggonzalez,2024-03-27 10:32:29.424654,Turmeric Sunset
ggonzalez,2024-03-27 10:32:29.424654,Smoky Whisper
garrett22,2024-07-24 19:10:18.325800,Saffron Magic
garrett22,2024-07-24 19:10:18.325800,Cinnamon Spice
garrett22,2024-07-24 19:10:18.325800,Moroccan Mint
garrett22,2024-07-24 19:10:18.325800,Golden Clove
tjuarez,2024-06-04 21:10:28.015041,Turmeric Frost
tjuarez,2024-06-04 21:10:28.015041,Smoky Spark
tjuarez,2024-06-04 21:10:28.015041,Sakura Breeze
tjuarez,2024-06-04 21:10:28.015041,Honey Spark
tjuarez,2024-06-04 21:10:28.015041,Lavender Bliss
tjuarez,2024-06-04 21:10:28.015041,Lemon Harmony
tjuarez,2024-06-04 21:10:28.015041,Cardamom Kiss
tjuarez,2024-06-04 21:10:28.015041,Herbal Harmony
tjuarez,2024-06-04 21:10:28.015041,Mint Frost
michael61,2024-03-01 05:12:59.850230,Smoky Spark
kramermary,2024-06-28 18:16:28.922415,Berry Glow
kramermary,2024-06-28 18:16:28.922415,Golden Glow
kramermary,2024-06-28 18:16:28.922415,Cocoa Glow
kramermary,2024-06-28 18:16:28.922415,Lemon Harmony
kramermary,2024-06-28 18:16:28.922415,Chai Nirvana
kramermary,2024-06-28 18:16:28.922415,Ruby Rooibos
qmoran,2024-10-01 19:42:10.935501,Lavender Pearl
erin28,2024-08-04 17:49:49.763213,Honey Spice
erin28,2024-08-04 17:49:49.763213,Zesty Spice
erin28,2024-08-04 17:49:49.763213,Saffron Sun
erin28,2024-08-04 17:49:49.763213,Citrus Spice
garrett22,2024-03-14 11:20:06.105725,Golden Harmony
kgregory,2024-10-03 19:56:47.850063,Honey Jasmine
kgregory,2024-10-03 19:56:47.850063,Lavender Breeze
kgregory,2024-10-03 19:56:47.850063,Smoky Ember
kgregory,2024-10-03 19:56:47.850063,Ruby Spark
kgregory,2024-10-03 19:56:47.850063,Golden Harmony
kgregory,2024-10-03 19:56:47.850063,Lavender Breeze
kgregory,2024-10-03 19:56:47.850063,Choco Cinnamon
kgregory,2024-10-03 19:56:47.850063,Ginger Bliss
kgregory,2024-10-03 19:56:47.850063,Cocoa Gold
kgregory,2024-10-03 19:56:47.850063,Cinnamon Spark
kenneth72,2024-02-12 06:52:11.489455,Cocoa Rooibos
ljones,2024-02-18 06:13:52.085338,Lavender Frost
ljones,2024-02-18 06:13:52.085338,Smoky Clove
ljones,2024-02-18 06:13:52.085338,Cinnamon Spice
ljones,2024-02-18 06:13:52.085338,Honey Jasmine
ljones,2024-02-18 06:13:52.085338,Mint Harmony
ljones,2024-02-18 06:13:52.085338,Spiced Apple
ljones,2024-02-18 06:13:52.085338,Velvet Vanilla
ljones,2024-02-18 06:13:52.085338,Almond Harmony
ljones,2024-02-18 06:13:52.085338,Almond Glow
todd66,2024-05-01 10:38:49.501835,Lemon Harmony
todd66,2024-05-01 10:38:49.501835,Velvet Vanilla
todd66,2024-05-01 10:38:49.501835,Herbal Spice
todd66,2024-05-01 10:38:49.501835,Turmeric Frost
todd66,2024-05-01 10:38:49.501835,Mystic Frost
todd66,2024-05-01 10:38:49.501835,Velvet Vanilla
todd66,2024-05-01 10:38:49.501835,Lemon Jasmine
todd66,2024-05-01 10:38:49.501835,Turmeric Frost
todd66,2024-05-01 10:38:49.501835,Spiced Amber
skinnerdaniel,2024-11-17 08:16:51.606195,Zesty Spice
skinnerdaniel,2024-11-17 08:16:51.606195,Silk Harmony
skinnerdaniel,2024-11-17 08:16:51.606195,Velvet Jasmine
skinnerdaniel,2024-11-17 08:16:51.606195,Wild Frost
ethompson,2024-11-17 19:20:37.722036,Choco Cinnamon
ethompson,2024-11-17 19:20:37.722036,Zesty Spice
ethompson,2024-11-17 19:20:37.722036,Mystic Matcha
ethompson,2024-11-17 19:20:37.722036,Saffron Sun
ethompson,2024-11-17 19:20:37.722036,Mint Harmony
ethompson,2024-11-17 19:20:37.722036,Wild Frost
ethompson,2024-11-17 19:20:37.722036,Saffron Spark
ethompson,2024-11-17 19:20:37.722036,Turmeric Frost
ethompson,2024-11-17 19:20:37.722036,Dragon Pearl
ethompson,2024-11-17 19:20:37.722036,Lavender Harmony
john37,2024-01-13 16:19:46.110397,Wild Spice
john37,2024-01-13 16:19:46.110397,Berry Harmony
john37,2024-01-13 16:19:46.110397,Sunset Saffron
john37,2024-01-13 16:19:46.110397,Mystic Ember
john37,2024-01-13 16:19:46.110397,Saffron Magic
john37,2024-01-13 16:19:46.110397,Dragon Pearl
john37,2024-01-13 16:19:46.110397,Golden Glow
john37,2024-01-13 16:19:46.110397,Lemon Glow
john37,2024-01-13 16:19:46.110397,Mint Whisper
john37,2024-01-13 16:19:46.110397,Golden Glow
johnsonmichael,2024-10-10 23:03:49.382841,Honey Spice
johnsonmichael,2024-10-10 23:03:49.382841,Golden Matcha
johnsonmichael,2024-10-10 23:03:49.382841,Cocoa Frost
johnsonmichael,2024-10-10 23:03:49.382841,Velvet Vanilla
johnsonmichael,2024-10-10 23:03:49.382841,Velvet Harmony
johnsonmichael,2024-10-10 23:03:49.382841,Persian Gold
johnsonmichael,2024-10-10 23:03:49.382841,Cardamom Kiss
johnsonmichael,2024-10-10 23:03:49.382841,Choco Chai
kramermary,2024-07-14 22:07:13.644669,Cardamom Kiss
brandonlewis,2024-04-16 22:47:29.803483,Cinnamon Spice
brandonlewis,2024-04-16 22:47:29.803483,Golden Frost
brandonlewis,2024-04-16 22:47:29.803483,Velvet Ember
brandonlewis,2024-04-16 22:47:29.803483,Mystic Amber
brandonlewis,2024-04-16 22:47:29.803483,Smoky Ember
marc16,2024-12-18 07:45:31.520689,Midnight Mocha
marc16,2024-12-18 07:45:31.520689,Velvet Jasmine
marc16,2024-12-18 07:45:31.520689,Cocoa Spice
marc16,2024-12-18 07:45:31.520689,Turmeric Whisper
marc16,2024-12-18 07:45:31.520689,Golden Rooibos
marc16,2024-12-18 07:45:31.520689,Cinnamon Glow
marc16,2024-12-18 07:45:31.520689,Mystic Amber
marc16,2024-12-18 07:45:31.520689,Zesty Spice
marc16,2024-12-18 07:45:31.520689,Velvet Citrus
marc16,2024-12-18 07:45:31.520689,Cocoa Serenade
marc16,2024-03-18 04:00:44.394019,Mocha Blossom
marc16,2024-03-18 04:00:44.394019,Cinnamon Serenade
nicholasobrien,2024-05-03 20:11:12.548094,Velvet Matcha
nicholasobrien,2024-05-03 20:11:12.548094,Lavender Bliss
nicholasobrien,2024-05-03 20:11:12.548094,Cocoa Spice
nicholasobrien,2024-05-03 20:11:12.548094,Silk Jasmine
nicholasobrien,2024-05-03 20:11:12.548094,Ginger Bliss
shanebauer,2024-04-21 01:46:44.470289,Sunset Frost
shanebauer,2024-04-21 01:46:44.470289,Velvet Rose
shanebauer,2024-04-21 01:46:44.470289,Herbal Ember
shanebauer,2024-04-21 01:46:44.470289,Smoky Clove
shanebauer,2024-04-21 01:46:44.470289,Citrus Spice
shanebauer,2024-04-21 01:46:44.470289,Lavender Breeze
shanebauer,2024-04-21 01:46:44.470289,Zesty Orange
shanebauer,2024-04-21 01:46:44.470289,Golden Matcha
shanebauer,2024-04-21 01:46:44.470289,Almond Whisper
sarahgrant,2024-04-30 04:42:39.578657,Saffron Frost
sarahgrant,2024-04-30 04:42:39.578657,Ruby Rooibos
sarahgrant,2024-04-30 04:42:39.578657,Ginger Spice
sarahgrant,2024-04-30 04:42:39.578657,Dragon Pearl
sarahgrant,2024-04-30 04:42:39.578657,Lemon Frost
sarahgrant,2024-04-30 04:42:39.578657,Sunset Jasmine
sarahgrant,2024-04-30 04:42:39.578657,Lemon Frost
sarahgrant,2024-04-30 04:42:39.578657,Turmeric Frost
sarahgrant,2024-04-30 04:42:39.578657,Midnight Mocha
todd66,2024-12-19 14:52:04.290256,Citrus Glow
todd66,2024-12-19 14:52:04.290256,Almond Frost
todd66,2024-12-19 14:52:04.290256,Jasmine Ember
todd66,2024-12-19 14:52:04.290256,Ginger Spice
todd66,2024-12-19 14:52:04.290256,Honey Frost
todd66,2024-12-19 14:52:04.290256,Smoky Ember Rose
todd66,2024-12-19 14:52:04.290256,Mystic Frost
melissaryan,2024-09-08 06:25:25.668391,Himalayan Gold
laura11,2024-01-10 20:18:59.925299,Cinnamon Serenade
laura11,2024-01-10 20:18:59.925299,Ruby Glow
laura11,2024-01-10 20:18:59.925299,Silk Assam
laura11,2024-01-10 20:18:59.925299,Cocoa Gold
laura11,2024-01-10 20:18:59.925299,Moonlit Matcha
laura11,2024-01-10 20:18:59.925299,Lavender Bliss
laura11,2024-01-10 20:18:59.925299,Herbal Glow
laura11,2024-01-10 20:18:59.925299,Ruby Frost
ericjones,2024-02-19 07:51:32.142310,Honey Zest
ericjones,2024-02-19 07:51:32.142310,Silk Harmony
ericjones,2024-02-19 07:51:32.142310,Maple Spice
ericjones,2024-02-19 07:51:32.142310,Cocoa Velvet
ericjones,2024-02-19 07:51:32.142310,Lavender Glow
melissaryan,2024-01-28 00:52:58.015157,Herbal Ember
melissaryan,2024-01-28 00:52:58.015157,Saffron Magic
melissaryan,2024-01-28 00:52:58.015157,Sunset Saffron
melissaryan,2024-01-28 00:52:58.015157,Ruby Frost
melissaryan,2024-01-28 00:52:58.015157,Herbal Harmony
melissaryan,2024-01-28 00:52:58.015157,Cardamom Frost
melissaryan,2024-01-28 00:52:58.015157,Herbal Frost
melissaryan,2024-01-28 00:52:58.015157,Golden Spice
david15,2024-11-27 06:38:15.868688,Velvet Rose
david15,2024-11-27 06:38:15.868688,Wild Jasmine
david15,2024-11-27 06:38:15.868688,Cinnamon Whisper
david15,2024-11-27 06:38:15.868688,Citrus Harmony
david15,2024-11-27 06:38:15.868688,Honey Jasmine
lindsey92,2024-11-18 11:52:19.041535,Saffron Spark
lindsey92,2024-11-18 11:52:19.041535,Citrus Spice
lindsey92,2024-11-18 11:52:19.041535,Golden Glow
lindsey92,2024-11-18 11:52:19.041535,Cocoa Harmony
lindsey92,2024-11-18 11:52:19.041535,Zesty Lemongrass
lindsey92,2024-11-18 11:52:19.041535,Cinnamon Harmony
kgregory,2024-03-18 16:28:48.565498,Ruby Frost
kgregory,2024-03-18 16:28:48.565498,Ruby Frost
kgregory,2024-03-18 16:28:48.565498,Golden Frost
kgregory,2024-03-18 16:28:48.565498,Velvet Jasmine
kgregory,2024-03-18 16:28:48.565498,Almond Spice
kgregory,2024-03-18 16:28:48.565498,Cardamom Kiss
kgregory,2024-03-18 16:28:48.565498,Wild Glow
kgregory,2024-03-18 16:28:48.565498,Smoky Spark
kgregory,2024-03-18 16:28:48.565498,Tropical Zest
kgregory,2024-03-18 16:28:48.565498,Velvet Spice
gregoryedwards,2024-11-27 03:27:01.535310,Lavender Harmony
gregoryedwards,2024-11-27 03:27:01.535310,Golden Glow
gregoryedwards,2024-11-27 03:27:01.535310,Herbal Spice
gregoryedwards,2024-11-27 03:27:01.535310,Silk Harmony
gregoryedwards,2024-11-27 03:27:01.535310,Herbal Harmony
gregoryedwards,2024-11-27 03:27:01.535310,Midnight Mocha
gregoryedwards,2024-11-27 03:27:01.535310,Moroccan Mint
gregoryedwards,2024-11-27 03:27:01.535310,Almond Bliss